13:29:46.081 | 0f dc 8e 50 1c e1 20 21 26 de 22 f1 1c 4a 1a e0  |  -99 CRC error
13:29:46.350 | 0f dd 8e 5c 15 f9 17 b0 2a d1 1f ff 21 56 26 3a  |  -98 CRC error
13:29:46.619 | 1f bd 1c d0 52 2a 50 e0 39 18 37 92 29 a4 48 4a  | -100 CRC error
13:29:46.883 | 0f df 8e 74 21 25 14 c9 24 14 24 3e 1e a8 22 c2  |  -99 CRC error
13:29:47.153 | 0f e0 8e 80 2b 86 1b 4a 20 3b 20 75 1d 5e 2d dd  |  -98 CRC error
13:29:47.422 | 0f e1 8e 8c 2c 9a 25 71 20 db 1c 68 1c 5d 2a d2  |  -99 CRC error
13:29:47.686 | 0f e2 8e 98 1d e4 26 ee 1e d8 21 9b 20 ee 17 bf  |  -99 CRC error
13:29:47.955 | 0f e3 8e a4 1f 8e 11 18 1b 00 45 1a 36 fc 3a 2c  | -104 CRC error
13:29:48.225 | 0f e4 8e b0 1f 95 27 67 25 94 11 df 22 93 16 eb  | -101 CRC error
13:29:48.495 | 0f e5 8e bc 29 26 10 5b 25 a5 20 16 1a 66 25 37  | -103 CRC error
13:29:48.757 | 0f e6 8e c8 25 2c 2a 81 1f 60 16 61 20 d0 24 81  | -102 CRC error
13:29:49.027 | 0f e7 8e d4 19 b9 29 3e 1b 2a 28 67 19 61 25 cd  | -101 CRC error
13:29:49.290 | 0f e8 8e e0 23 3a 23 f5 11 3a 1d 65 17 59 2a 10  | -101 CRC error
13:29:49.559 | 0f e9 8e ec 23 b7 18 ac 25 a7 31 0e 20 51 1a e5  |  -99 CRC error
13:29:49.829 | 0f ea 8e f8 1c 00 04 b2 04 a0 fe 80 26 09 bc 00  | -101 CRC error
13:29:50.108 | 0f eb 8f 04 2c c7 2e a4 21 2e 29 3a 42 ea 52 78  | -102 CRC error
13:29:50.362 | 0f ec 8f 10 13 d8 1c 86 19 c3 21 3f 1b 78 18 f1  |  -98 CRC error
13:29:50.631 | 0f ed 8f 1c 1d cb 19 b6 48 fc 3f 22 3b ce 39 1c  | -103 CRC error
13:29:50.910 | 0f ee 8f 28 27 e8 19 3f 17 7d 15 47 1e bb 2a aa  | -100 CRC error
13:29:51.180 | 0f ef 8f 34 1c a3 18 b0 1a 96 2d 19 1a 3c 24 30  | -102 CRC error
13:29:51.449 | 0f f0 8f 40 2a 2e 14 8a 26 6b 28 83 1e 96 11 a4  | -103 CRC error
13:29:51.712 | 0f f1 8f 4c 22 6f 23 fb 1b f8 24 17 1a 94 18 b3  | -100 CRC error
13:29:51.982 | 0f f2 8f 58 23 46 1d 4a 0d 07 25 3e 25 0d 22 f3  | -102 CRC error
13:29:52.252 | 0f f3 8f 64 1d e9 1f 8b 22 df 27 71 20 e2 20 03  | -102 CRC error
13:29:52.515 | 0f f4 8f 70 28 2d 1f ac 2d c3 26 48 22 c9 29 41  | -101 CRC error
13:29:52.784 | 0f f5 8f 7c 2c c8 1e 25 28 ce 33 a0 22 e2 12 8a  | -100 CRC error
13:29:53.054 | 0f f6 8f 88 25 d1 1c 9c 28 5b 19 4d 21 88 26 ea  |  -99 CRC error
13:29:53.317 | 0f f7 8f 94 19 da 11 6c 25 dc 16 0d 20 15 12 4a  | -100 CRC error
13:29:53.587 | 0f f8 8f a0 21 7e 1e 6c 22 7f 1c cd 28 a8 1f 8b  |  -99 CRC error
13:29:53.856 | 0f f9 8f ac 1c 39 20 93 23 09 2a 9d 25 68 22 28  | -100 CRC error
13:29:54.119 | 0f fa 8f 98 24 18 24 54 21 0a 2e 2a 27 9c 1e c2  |  -96 CRC error
13:29:54.389 | 0f fb 8f c4 15 c5 18 c6 1e 14 20 ae 21 1a 24 b5  |  -99 CRC error
13:29:54.658 | 0f fc 8f d0 1d da 1a 0a 1a 59 12 ef 23 a5 1f 76  |  -98 CRC error
13:29:54.922 | 0f fd 8f dc 16 5b 22 ed 28 5c 1a 2b 34 32 24 c7  |  -99 CRC error
13:29:55.191 | 0f fe 8f e8 23 20 27 64 24 a0 1c a9 23 ec 18 7b  |  -99 CRC error
13:29:55.461 | 0f ff 8f f4 1d 43 23 17 0a 4e 16 f7 1d f7 16 26  | -100 CRC error
13:29:55.993 | 0f 01 90 0c 14 3c 21 d6 1b 90 2b b8 2f b3 1f 6c  | -100 CRC error
13:29:56.263 | 0f 02 90 18 20 f6 1f c2 20 22 1d 51 10 4e 2d 18  |  -99 CRC error
13:29:56.542 | 0f 03 90 24 24 b0 0b 01 21 5e 1e b1 25 8d 1e 16  | -101 CRC error
13:29:56.811 | 0f 04 90 30 28 ef 19 68 1c bf 1d ed 12 e5 0f 0b  | -100 CRC error
13:29:57.081 | 0f 05 90 3c 26 1a 1c 75 17 a8 20 a4 19 78 18 83  | -100 CRC error
13:29:57.344 | 0f 06 90 48 1c 31 29 fc 25 24 1b d7 28 2a 1a e6  | -100 CRC error
13:29:57.614 | 0f 07 90 54 1b 5d 1a 7e 20 36 21 58 22 e7 14 67  | -100 CRC error
13:29:57.883 | 0f 08 90 60 1b ec 26 18 24 f8 2b c4 2e dc 15 7a  | -100 CRC error
13:29:58.153 | 0f 09 90 6c 20 63 1a d7 24 71 22 28 28 54 1a ae  | -100 CRC error
13:29:58.416 | 0f 0a 90 78 23 72 17 26 1e 9f 2e cd 28 f9 23 b4  | -100 CRC error
13:29:58.686 | 0f 0b 90 84 1a fd 23 46 1f 20 13 57 22 f6 1a b3  | -102 CRC error
13:29:58.955 | 0f 0c 90 90 10 fb 24 db 1f bd 2c 7f 17 c6 25 ff  | -102 CRC error
13:29:59.218 | 0f 0d 90 9c 1a 1f 22 c6 2a 36 24 c9 21 d6 17 d5  | -102 CRC error
13:29:59.496 | 0f 0e 90 a8 23 c9 22 c0 1b 24 1c 99 26 73 2d 5b  | -101 CRC error
13:29:59.757 | 0f 0f 90 b4 1f a6 16 d9 21 35 15 fd 17 aa 17 c1  |  -98 CRC error
13:30:00.020 | 0f 10 90 c0 19 b9 25 69 17 16 18 c1 1f 59 2a 78  | -102 CRC error
13:30:00.290 | 0f 11 90 cc 1e 66 23 76 33 ea 1a 98 28 5c 14 09  | -102 CRC error
13:30:00.560 | 0f 12 90 d8 24 a8 22 d6 0f 6c 22 86 20 d2 2a ca  | -101 CRC error
13:30:00.823 | 0f 13 90 e4 24 b5 22 7a 1c d2 33 d1 1c 3b 19 79  |  -99 CRC error
13:30:01.092 | 0f 14 94 f0 24 97 23 9a 2a 39 0d ab 29 84 19 c2  | -104 CRC error
13:30:01.362 | 0f 15 90 fc 25 2e 11 71 1e d9 1a cd 1a 1d 22 a8  | -100 CRC error
13:30:01.641 | 0f 16 91 08 20 7c 26 6f 18 38 0d 78 17 8d 2c e2  |  -99 CRC error
13:30:01.895 | 0f 17 91 14 2b 37 1a c6 1f 7c 31 c0 1c 38 22 0e  | -100 CRC error
13:30:02.164 | 0f 18 91 20 25 8e 23 34 17 15 30 7a 1e 3e 20 c7  | -102 CRC error
13:30:02.443 | 0f 19 91 2c 10 1e 1b 10 1d 6e 20 26 12 c2 28 66  | -102 CRC error
13:30:02.713 | 0f 1a 91 38 2b 6d 1a 46 21 65 12 75 1e 20 28 27  |  -98 CRC error
13:30:02.982 | 0f 1b 91 44 25 d3 20 b3 1e 60 23 f2 2a a5 1f d1  |  -99 CRC error
13:30:03.245 | 0f 1c 91 50 22 85 19 22 15 b4 1c 23 2f 2e 19 4d  | -101 CRC error
13:30:03.515 | 0f 1d 91 5c 1e c3 24 2b 1b 42 18 5a 1d 63 16 14  | -100 CRC error
13:30:03.785 | 0f 1e 91 68 26 27 18 74 1e fe 1f 83 29 03 22 78  | -101 CRC error
13:30:04.048 | 0f 1f 91 74 26 17 29 28 1c b7 20 75 1b 57 13 32  | -100 CRC error
13:30:04.317 | 0f 20 91 80 2b 41 24 87 27 da 27 30 32 87 2a ab  | -102 CRC error
13:30:04.587 | 0f 21 91 8c 1c c7 27 dc 20 6c 20 b8 25 3e 28 73  | -100 CRC error
13:30:04.850 | 0f 22 91 98 21 4e 1e 07 26 6d 22 0b 2b 09 26 eb  | -102 CRC error
13:30:05.119 | 0f 23 91 a4 23 61 35 90 1c e8 1a 17 26 95 15 4b  | -102 CRC error
13:30:05.389 | 0f 24 91 b0 2a 24 24 9f 1e 4a 21 7e 2b 1f 22 e0  | -101 CRC error
13:30:06.191 | 0f 27 91 d4 1e ba 25 fb 20 7e 28 08 16 a5 28 33  | -100 CRC error
13:30:06.470 | 0f 28 91 e0 2b c6 18 8d 1d e5 13 fc 10 9a 34 44  | -102 CRC error
13:30:06.724 | 0f 29 91 ec 29 db 1d f4 1b d1 2a 96 24 8d 22 e2  | -101 CRC error
13:30:06.994 | 0f 2a 91 f8 25 3d 21 bd 1f da 1a cd 18 60 12 d8  | -101 CRC error
13:30:07.272 | 0f 2b 92 04 20 2e 2d 6f 1e e4 26 ce 1d ea 26 0f  | -101 CRC error
13:30:07.542 | 0f 2c 92 10 19 67 21 c4 17 8b 17 a7 23 aa 17 ac  | -100 CRC error
13:30:07.796 | 0f 2d 92 1c 24 4c 13 81 23 73 23 c8 1e d1 1f 00  | -100 CRC error
13:30:08.075 | 0f 2e 92 28 15 52 2e c3 1f 11 19 bf 24 fe 20 f5  | -102 CRC error
13:30:08.344 | 0f 2f 92 34 13 6b 1f 3d 2f 69 1e e6 19 4e 1a b8  | -100 CRC error
13:30:08.614 | 0f 30 92 40 1f 94 1c 55 1a 3d 25 a2 16 84 27 03  |  -99 CRC error
13:30:08.883 | 0f 31 92 4c 21 ca 1c 79 28 db 28 de 27 23 25 cb  | -100 CRC error
13:30:09.147 | 0f 32 92 58 23 71 22 7f 1b 76 27 89 1b d2 2d 36  | -100 CRC error
13:30:09.416 | 0f 33 92 64 28 35 11 d3 0d 49 28 23 22 0a 1b 82  | -101 CRC error
13:30:09.686 | 0f 34 92 70 1f d4 11 28 1f 3d 1a a9 21 7a 2e 86  | -102 CRC error
13:30:09.949 | 0f 35 92 7c 1d 05 1a d9 28 7c 17 95 19 1e 1e 1e  |  -99 CRC error
13:30:10.219 | 0f 36 92 88 1b 15 0d c7 29 bc 2e 63 27 41 0f ce  | -102 CRC error
13:30:10.488 | 0f 37 92 94 24 fb 26 41 1c 97 1a 92 1f e1 1c d1  | -102 CRC error
13:30:10.751 | 0f 38 92 a0 17 12 26 19 28 14 09 e7 18 c0 28 53  | -100 CRC error
13:30:11.021 | 0f 39 92 ac 19 65 21 f9 16 4e 25 61 1f b1 19 3f  | -101 CRC error
13:30:11.290 | 0f 3a 92 b8 18 a9 19 e0 1d 20 35 0d 1f 3b 20 81  | -102 CRC error
13:30:11.553 | 0f 3b 92 c4 10 83 1a 28 22 d9 18 c6 1e 5e 1e 87  | -101 CRC error
13:30:11.823 | 0f 3c 92 d0 24 bf 18 a7 19 6c 1d 52 2d e4 3a 50  | -102 CRC error
13:30:12.093 | 0f 3d 92 dc 21 ed 21 f3 24 80 1d a0 20 da 1c 92  | -102 CRC error
13:30:12.371 | 0f 3f 25 d0 3f 50 6d 1c 94 8c 76 fc 82 e4 83 80  | -104 CRC error
13:30:12.625 | 0f 3f 92 f4 24 fb 21 26 2d 3b 12 e4 2b a3 24 7f  | -102 CRC error
13:30:12.895 | 0f 40 93 00 24 72 1f b4 2e 58 20 61 21 6c 2f 77  | -102 CRC error
13:30:13.174 | 0f 41 93 0c 21 72 19 cd 0f cc 2a 00 15 24 20 c6  | -101 CRC error
13:30:13.428 | 0f 42 93 18 2e 13 20 49 1c c9 1c b6 17 47 20 a5  |  -98 CRC error