11:41:14.400 | 0f 73 11 7c 3d 7b c2 fc 3e 1c 5b d4 aa 28 63 80  | -106 CRC error
11:41:14.670 | 0f 74 12 e0 42 b4 2b 9c 1b 32 5f 48 8b f1 8a c0  | -108 CRC error
11:41:14.931 | 6f fe 47 e2 16 f1 f0 82 bd 43 d5 75 3f 3e 00 00  | -106 CRC error
11:41:15.201 | 7f 7b 98 d6 3b fe ef 3e 4f f7 ff ff f8 3f 88 80  | -108 CRC error
11:41:16.009 | 7f be 89 af bf 56 62 0f f9 ff fc 2f df 3f 3a 00  | -110 CRC error
11:41:16.277 | cf 7a 11 70 3f 90 6b f1 0c f9 ff c9 c1 8f d0 00  | -106 CRC error
11:41:17.081 | 0f ff 67 7f ff fe b1 ec cc 09 71 f1 f4 f7 ff cf  | -111 CRC error
11:41:17.351 | 0f f8 47 76 ff c2 e9 85 7a 24 81 c7 ba ff ff e8  | -108 CRC error
11:41:17.620 | 0f 7f 2f d3 ff ba 69 4c 9f a5 29 8f bf 7f fc 50  | -108 CRC error
11:41:17.883 | 0f d3 ec 07 9c c1 92 f0 f3 c0 56 fe 77 ef 7b 8a  | -108 CRC error
11:41:18.153 | cf c3 27 9c 16 b8 29 5e 14 f1 29 fe bb c9 0f 98  | -108 CRC error
11:41:18.421 | 0f 86 04 30 43 40 3b 3c 6d bf ee 92 4d f4 0e a0  | -106 CRC error
11:41:18.691 | 0f 82 20 40 13 e0 32 29 0d b8 98 20 42 8b 00 00  | -104 CRC error
11:41:18.958 | 6f f0 41 80 cb 89 34 5b 7e 21 f9 86 9e 93 40 00  | -104 CRC error
11:41:19.225 | 01 00 48 b0 00 40 08 42 86 01 02 00 10 00 30 00  | -104 CRC error
11:41:19.494 | 0f 86 12 68 24 cf 7f c6 ff f8 cc b8 9a 94 9c 4d  | -106 CRC error
11:41:20.299 | 0f 89 12 fc 3c 98 40 30 39 64 44 ca 44 7f eb fc  | -106 CRC error
11:41:20.568 | 07 14 43 c0 20 48 6c 20 8f 21 c1 83 9d 87 f3 00  | -104 CRC error
11:41:20.838 | 0e 0c 04 00 08 00 d1 00 10 21 40 01 2e 06 48 00  | -102 CRC error
11:41:21.102 | 0f 18 2d 40 67 8c a7 60 62 6c cb e1 f8 e2 84 20  | -105 CRC error
11:41:21.641 | 0e 30 09 00 e1 00 a8 01 90 82 cc 30 7c 82 80 00  | -103 CRC error
11:41:22.445 | 0f 91 12 cc 26 a9 ff 95 8a c4 5b c3 87 e3 49 c6  | -106 CRC error
11:41:22.712 | 0f 92 12 d8 27 7c 54 18 74 1c 85 c4 97 04 52 98  | -105 CRC error
11:41:22.984 | 0f 93 12 e5 6b 7a 5d d1 b6 e4 89 81 b0 63 5f 03  | -105 CRC error
11:41:23.252 | 0f a8 27 e2 2e a1 c9 71 b7 72 65 f1 dc f1 9f e0  | -106 CRC error
11:41:23.518 | 0f 95 75 fc ba bc 85 34 72 24 9c 05 30 bf 82 90  | -105 CRC error
11:41:23.785 | 0f 28 c8 00 fc a0 f8 98 f8 e1 7e 59 c5 c1 7c 00  | -104 CRC error
11:41:24.054 | 7f f1 d8 a0 e2 d1 4e 01 e1 f3 78 ec 7e c8 ae 00  | -106 CRC error
11:41:24.324 | 0f b0 24 80 70 00 13 a0 18 f2 84 63 1b 80 80 00  | -103 CRC error
11:41:24.589 | 0f 99 12 58 19 c4 4d d4 31 ee 4b e0 91 f8 7e a0  | -105 CRC error
11:41:25.395 | 0f 71 45 40 51 10 86 a4 d0 40 af 92 44 80 c4 c8  | -104 CRC error
11:41:25.665 | 0f 9d 13 b8 34 7f 7b 12 45 f2 4f ae 22 e4 4f fe  | -106 CRC error
11:41:25.934 | 07 cf 09 b8 6e 78 81 c0 87 f8 96 70 95 f7 80 08  | -106 CRC error
11:41:26.203 | 0f 9f 17 ed 4c 7d 23 48 f6 61 e8 81 be e5 b7 98  | -105 CRC error
11:41:26.469 | 0f a6 7f a0 f3 78 60 44 6c 58 d9 bb 87 73 7b d0  | -106 CRC error
11:41:26.736 | 0f ea 2f 30 9c 80 65 70 a0 e8 5b bd 27 01 a3 c0  | -105 CRC error
11:41:27.004 | ff ca 7e e1 04 28 d8 18 cd b8 fd 7f 35 66 0b 00  | -106 CRC error
11:41:27.274 | 00 84 08 00 00 00 84 00 00 c0 b2 00 00 80 80 00  | -105 CRC error
11:41:28.347 | 3f 4e 27 a8 42 72 69 b1 20 04 e0 21 e5 c3 a3 e0  | -105 CRC error
11:41:28.615 | 0f a8 13 e0 4e e1 cb 64 3a 30 ef d0 fd 02 7f 70  | -105 CRC error
11:41:28.883 | 0f a9 13 fd bf 9e bb 71 c4 e7 ff c9 ff bf ef ff  | -107 CRC error
11:41:29.152 | 0f 94 2f e3 cb e1 8c e1 df 31 e2 21 74 47 fb c0  | -105 CRC error
11:41:29.418 | 0f fe 70 f0 f1 59 0e b0 cc 91 99 fb fc f4 ef 20  | -107 CRC error
11:41:29.691 | 1f 51 56 01 dd f2 3c 63 60 c9 c4 19 bf 22 c8 00  | -104 CRC error
11:41:29.959 | 0f ad 30 70 61 90 c6 82 ed 07 c6 42 a4 1a c2 00  | -104 CRC error
11:41:30.491 | df 5c 43 41 81 42 01 87 0f 09 5f 8e ad 85 65 00  | -104 CRC error
11:41:31.026 | 07 44 02 20 7c 10 f8 51 80 00 70 0c 00 02 00 00  | -104 CRC error
11:41:31.299 | 0f b2 14 58 14 fc 6b f8 9c d0 7f b8 b6 3b ff db  | -106 CRC error
11:41:31.566 | 0f b3 14 64 1c 44 3f 32 4d 84 47 54 76 a5 9e f8  | -106 CRC error
11:41:31.834 | 0f b4 16 f8 3b fe 37 c4 7d 3c 95 a0 8b b7 f1 00  | -106 CRC error
11:41:32.100 | 0f b5 7e fd f3 54 39 36 3c 10 3e 90 67 b0 d5 70  | -106 CRC error
11:41:32.368 | 0f bf e9 18 36 4e 57 04 49 c8 36 0b 36 3e 17 72  | -105 CRC error
11:41:32.637 | 0f fe 79 28 34 66 3b 60 c1 e8 d4 e8 fb 02 68 f0  | -105 CRC error
11:41:32.908 | 06 d8 04 00 67 a0 04 c3 80 02 47 88 12 84 b0 00  | -106 CRC error
11:41:33.174 | 0f b9 11 30 08 b0 26 b0 cc 82 e1 45 c0 4a 81 40  | -104 CRC error
11:41:33.441 | 0f 68 01 80 83 63 31 48 36 10 ff 04 a4 19 78 00  | -103 CRC error
11:41:33.978 | 0f bc 11 a0 30 30 ff 93 f1 24 e2 8a 9e c8 26 40  | -105 CRC error
11:41:34.251 | 07 bc 01 b8 36 d1 73 70 ed 87 44 01 90 bb c8 00  | -104 CRC error
11:41:34.516 | 0f 9e 10 c0 44 28 f8 84 09 22 85 40 b1 24 00 80  | -103 CRC error
11:41:34.782 | 0f bf 14 f9 a3 ff 1f e8 68 d4 6f 7c 9f ff cf a0  | -105 CRC error
11:41:35.051 | 0f c4 6a 14 5d e9 0f 18 c5 80 ea 0b ff cb e8 00  | -106 CRC error
11:41:35.318 | 0f c1 12 10 06 d2 27 47 03 43 3e 43 ba 02 1a 00  | -103 CRC error
11:41:35.589 | 1f 84 2f 60 84 88 94 34 63 18 ad c4 5c 80 8e 04  | -104 CRC error
11:41:36.126 | 3f 10 54 c0 9c 79 18 a2 eb 55 fb 45 69 02 e7 c0  | -108 CRC error
11:41:37.200 | 07 f6 05 58 0f 37 4a ce 25 a4 7c a2 4f 51 e1 c0  | -105 CRC error
11:41:37.466 | 0f b6 6b e7 ff ed db 47 d9 47 ab c0 36 0d 8f 40  | -105 CRC error
11:41:37.733 | 0f ca 3f fa 3f b8 a4 f0 3f a1 00 71 9f e2 f1 c0  | -106 CRC error
11:41:38.000 | 00 0b 14 00 41 08 00 00 00 00 00 40 80 c3 40 40  | -102 CRC error
11:41:38.272 | 0f f8 57 c0 ac 38 f0 c0 f0 c8 f1 05 bf e2 5f b0  | -108 CRC error
11:41:38.536 | 8f de 16 70 97 9c 4d 6c 64 18 cc 47 4d e1 2e 80  | -104 CRC error
11:41:38.810 | 07 88 00 80 01 50 c8 00 02 20 00 86 c4 00 6c 00  | -102 CRC error
11:41:39.073 | df cf 15 b4 1a 7c 25 b2 2f f2 3f f8 15 40 33 32  | -108 CRC error
11:41:39.345 | 07 d0 15 c0 33 4c 79 fc f8 31 21 80 00 45 47 00  | -106 CRC error
11:41:39.611 | 0f d2 2b 98 4c a3 7e d7 f2 68 df 12 8f c2 52 a1  | -107 CRC error
11:41:40.144 | 0f d3 15 e4 76 fc 3b 3a 50 f6 7e 80 58 d8 7e e0  | -106 CRC error
11:41:40.415 | 07 ea 0a f7 1f af 26 16 38 46 50 48 46 7c fe 20  | -106 CRC error
11:41:40.682 | 0f d7 2f fe 8f b1 5f a2 36 b2 b8 36 ff e7 79 d0  | -107 CRC error
11:41:40.957 | 0f fe ac 11 7e b8 e2 d0 f9 e1 36 bf f0 1c 24 f1  | -107 CRC error
11:41:41.492 | 1f e2 50 00 c0 21 e4 a2 67 0c f8 3e ce 39 b4 00  | -104 CRC error
11:41:41.759 | 87 d8 28 b0 8b 00 8b f1 e3 c5 50 1c 24 62 60 00  | -106 CRC error
11:41:42.026 | 0f df 09 1c 10 0b 1c 2e 1e 50 0f 8c 1e dc 52 b8  | -106 CRC error
11:41:42.828 | 0f da 2d 70 9f e8 f4 30 fa 19 6b 23 57 c3 cf 86  | -107 CRC error
11:41:43.097 | 0f de 16 68 26 5a 46 58 b2 20 78 30 f0 02 5e 02  | -105 CRC error
11:41:43.367 | 0f df 17 fb eb e1 8e c0 f7 e3 d5 c3 7f f4 ee e0  | -108 CRC error
11:41:43.637 | 0f e0 17 80 75 c8 51 e0 49 c0 46 04 7b 3e fb 70  | -106 CRC error
11:41:43.907 | 07 fd fd f1 3f 43 a5 44 b4 86 33 07 ff 7e 42 00  | -109 CRC error
11:41:44.171 | ff e2 1f 30 7a e4 75 c9 a9 28 ef ff bf f9 bd 20  | -108 CRC error
11:41:44.712 | 0f 88 30 80 10 00 64 80 00 c6 00 71 a1 17 00 00  | -104 CRC error
11:41:45.779 | 0f d0 1b 00 e6 f1 de 25 39 a3 88 90 be 24 a6 04  | -105 CRC error
11:41:46.044 | 0f e9 16 ff ed 7a 41 50 47 70 45 76 36 58 9c 13  | -105 CRC error
11:41:46.314 | 07 e2 16 fc 21 5f 24 a3 24 00 07 50 37 e0 4a ca  | -105 CRC error
11:41:46.584 | 1f de 5f 9d 3f 68 bc 00 9d 18 fa aa e7 e2 d1 c0  | -106 CRC error
11:41:46.854 | 07 e9 01 00 16 00 00 02 00 00 07 6b 10 06 90 80  | -105 CRC error
11:41:47.122 | ff ff ff 1d 54 ae 70 34 a9 e1 df cd ff c6 eb 40  | -107 CRC error
11:41:48.460 | 0f f2 2e b0 95 ff 67 ee 66 a6 45 06 83 8e 7e 62  | -107 CRC error
11:41:49.801 | 0f f7 1f 28 49 34 3c 88 43 30 2d bd e7 7e 7e c0  | -105 CRC error
11:41:50.070 | 07 f0 08 00 04 40 e0 41 02 2e b6 2b a4 60 50 00  | -102 CRC error
11:41:51.142 | 0f fc 17 d0 08 e3 7a 8c 95 80 6b 88 4d 12 d8 02  | -105 CRC error
11:41:51.411 | 07 c0 5c c0 04 29 b8 04 00 00 20 0b 00 44 40 00  | -104 CRC error
11:41:51.947 | 0f ff 17 ff e9 64 5e e4 c1 00 ec 00 fb fc ff 80  | -106 CRC error